[
    {
        "Id": "015c81d4c4e69f438166c7c19517cbd1cbd437f9286f0b83e397578bf0872ba3",
        "Created": "2023-10-11T07:19:21.563240407Z",
        "Path": "docker-entrypoint.sh",
        "Args": [
            "node",
            "app.js"
        ],
        "State": {
            "Status": "running",
            "Running": true,
            "Paused": false,
            "Restarting": false,
            "OOMKilled": false,
            "Dead": false,
            "Pid": 91635,
            "ExitCode": 0,
            "Error": "",
            "StartedAt": "2023-10-11T10:25:20.826836835Z",
            "FinishedAt": "2023-10-11T10:24:35.323969351Z"
        },
        "Image": "sha256:62eb5c19e45f9b57b564fa2a8ee1f622f248e65804d51e1d88aacea1cdd0d363",
        "ResolvConfPath": "/var/lib/docker/containers/015c81d4c4e69f438166c7c19517cbd1cbd437f9286f0b83e397578bf0872ba3/resolv.conf",
        "HostnamePath": "/var/lib/docker/containers/015c81d4c4e69f438166c7c19517cbd1cbd437f9286f0b83e397578bf0872ba3/hostname",
        "HostsPath": "/var/lib/docker/containers/015c81d4c4e69f438166c7c19517cbd1cbd437f9286f0b83e397578bf0872ba3/hosts",
        "LogPath": "/var/lib/docker/containers/015c81d4c4e69f438166c7c19517cbd1cbd437f9286f0b83e397578bf0872ba3/015c81d4c4e69f438166c7c19517cbd1cbd437f9286f0b83e397578bf0872ba3-json.log",
        "Name": "/health",
        "RestartCount": 0,
        "Driver": "overlay2",
        "Platform": "linux",
        "MountLabel": "",
        "ProcessLabel": "",
        "AppArmorProfile": "docker-default",
        "ExecIDs": null,
        "HostConfig": {
            "Binds": [
                "/var/run/iotedge/workload.sock:/var/run/iotedge/workload.sock"
            ],
            "ContainerIDFile": "",
            "LogConfig": {
                "Type": "json-file",
                "Config": {}
            },
            "NetworkMode": "default",
            "PortBindings": null,
            "RestartPolicy": {
                "Name": "",
                "MaximumRetryCount": 0
            },
            "AutoRemove": false,
            "VolumeDriver": "",
            "VolumesFrom": null,
            "ConsoleSize": [
                0,
                0
            ],
            "CapAdd": null,
            "CapDrop": null,
            "CgroupnsMode": "host",
            "Dns": null,
            "DnsOptions": null,
            "DnsSearch": null,
            "ExtraHosts": null,
            "GroupAdd": null,
            "IpcMode": "private",
            "Cgroup": "",
            "Links": null,
            "OomScoreAdj": 0,
            "PidMode": "",
            "Privileged": false,
            "PublishAllPorts": false,
            "ReadonlyRootfs": false,
            "SecurityOpt": null,
            "UTSMode": "",
            "UsernsMode": "",
            "ShmSize": 67108864,
            "Runtime": "runc",
            "Isolation": "",
            "CpuShares": 0,
            "Memory": 0,
            "NanoCpus": 0,
            "CgroupParent": "",
            "BlkioWeight": 0,
            "BlkioWeightDevice": null,
            "BlkioDeviceReadBps": null,
            "BlkioDeviceWriteBps": null,
            "BlkioDeviceReadIOps": null,
            "BlkioDeviceWriteIOps": null,
            "CpuPeriod": 0,
            "CpuQuota": 0,
            "CpuRealtimePeriod": 0,
            "CpuRealtimeRuntime": 0,
            "CpusetCpus": "",
            "CpusetMems": "",
            "Devices": null,
            "DeviceCgroupRules": null,
            "DeviceRequests": null,
            "MemoryReservation": 0,
            "MemorySwap": 0,
            "MemorySwappiness": null,
            "OomKillDisable": false,
            "PidsLimit": null,
            "Ulimits": null,
            "CpuCount": 0,
            "CpuPercent": 0,
            "IOMaximumIOps": 0,
            "IOMaximumBandwidth": 0,
            "MaskedPaths": [
                "/proc/asound",
                "/proc/acpi",
                "/proc/kcore",
                "/proc/keys",
                "/proc/latency_stats",
                "/proc/timer_list",
                "/proc/timer_stats",
                "/proc/sched_debug",
                "/proc/scsi",
                "/sys/firmware"
            ],
            "ReadonlyPaths": [
                "/proc/bus",
                "/proc/fs",
                "/proc/irq",
                "/proc/sys",
                "/proc/sysrq-trigger"
            ]
        },
        "GraphDriver": {
            "Data": {
                "LowerDir": "/var/lib/docker/overlay2/c107c5504585eb6b9fdf9459c2339aec384a2bc2b96ffb9a7213a039ab0f01ad-init/diff:/var/lib/docker/overlay2/e0446a0c9911bc5fd02781dc1a03f895517261889484ee9828e7dbfc6d6af3df/diff:/var/lib/docker/overlay2/12bbca0a34f88f883b51e04781f8985a98bb6f088e3f351dca05fc93732cf89f/diff:/var/lib/docker/overlay2/340516ce782a17427705539355e085ab79758d22fe3fcc8e40e400f5da6a2050/diff:/var/lib/docker/overlay2/d2aab1048e98096b7efabc0533e17407326b44d8ffc759522e9d016d6414ccd3/diff:/var/lib/docker/overlay2/f2be77abfed6758aa3814d33d490565d788646f588e2bf8171779729f5fce66e/diff:/var/lib/docker/overlay2/fd8770e18680e4bd637c4d1fc363eedab284a8cf2bea209edcb33ff4f06442d0/diff:/var/lib/docker/overlay2/20e3a95ffb3f63b94a214fdd8511d32cba69c29e5b18ad2dd6452b8c9cad5742/diff:/var/lib/docker/overlay2/5c8e09f4eb3ac392ee6ff414baa9b9fe7c889b6cf90ba9b6acde8faa59f5dfbc/diff",
                "MergedDir": "/var/lib/docker/overlay2/c107c5504585eb6b9fdf9459c2339aec384a2bc2b96ffb9a7213a039ab0f01ad/merged",
                "UpperDir": "/var/lib/docker/overlay2/c107c5504585eb6b9fdf9459c2339aec384a2bc2b96ffb9a7213a039ab0f01ad/diff",
                "WorkDir": "/var/lib/docker/overlay2/c107c5504585eb6b9fdf9459c2339aec384a2bc2b96ffb9a7213a039ab0f01ad/work"
            },
            "Name": "overlay2"
        },
        "Mounts": [
            {
                "Type": "bind",
                "Source": "/var/run/iotedge/workload.sock",
                "Destination": "/var/run/iotedge/workload.sock",
                "Mode": "",
                "RW": true,
                "Propagation": "rprivate"
            }
        ],
        "Config": {
            "Hostname": "015c81d4c4e6",
            "Domainname": "",
            "User": "",
            "AttachStdin": false,
            "AttachStdout": false,
            "AttachStderr": false,
            "Tty": false,
            "OpenStdin": false,
            "StdinOnce": false,
            "Env": [
                "IOTEDGE_APIVERSION=2019-01-30",
                "IOTEDGE_AUTHSCHEME=sasToken",
                "IOTEDGE_DEVICEID=edgedevice89",
                "IOTEDGE_GATEWAYHOSTNAME=edgedevicetest7",
                "IOTEDGE_IOTHUBHOSTNAME=vanderlende-hub-dev-001.azure-devices.net",
                "IOTEDGE_MODULEGENERATIONID=638308764026130841",
                "IOTEDGE_MODULEID=health",
                "IOTEDGE_WORKLOADURI=unix:///var/run/iotedge/workload.sock",
                "RuntimeLogLevel=Information",
                "PATH=/usr/local/sbin:/usr/local/bin:/usr/sbin:/usr/bin:/sbin:/bin",
                "NODE_VERSION=10.21.0",
                "YARN_VERSION=1.22.4"
            ],
            "Cmd": [
                "node",
                "app.js"
            ],
            "Image": "edgemanagementimagecontainer.azurecr.io/health:0.6",
            "Volumes": null,
            "WorkingDir": "/app",
            "Entrypoint": [
                "docker-entrypoint.sh"
            ],
            "OnBuild": null,
            "Labels": {
                "net.azure-devices.edge.original-image": "edgemanagementimagecontainer.azurecr.io/health:0.6",
                "net.azure-devices.edge.owner": "Microsoft.Azure.Devices.Edge.Agent"
            }
        },
        "NetworkSettings": {
            "Bridge": "",
            "SandboxID": "5708c9ad9d4f576ce1d8041a918efe3366fdfe0dad9fceb654777894a6f8931b",
            "HairpinMode": false,
            "LinkLocalIPv6Address": "",
            "LinkLocalIPv6PrefixLen": 0,
            "Ports": {},
            "SandboxKey": "/var/run/docker/netns/5708c9ad9d4f",
            "SecondaryIPAddresses": null,
            "SecondaryIPv6Addresses": null,
            "EndpointID": "",
            "Gateway": "",
            "GlobalIPv6Address": "",
            "GlobalIPv6PrefixLen": 0,
            "IPAddress": "",
            "IPPrefixLen": 0,
            "IPv6Gateway": "",
            "MacAddress": "",
            "Networks": {
                "azure-iot-edge": {
                    "IPAMConfig": null,
                    "Links": null,
                    "Aliases": [
                        "015c81d4c4e6"
                    ],
                    "NetworkID": "0d9a3236f35e0511254401a85122b7cacf06972c3c8e8f75fafe80e0a5e62c6b",
                    "EndpointID": "da0eef783ef234c2b82135655ffc14e8bfe92f8673de069c53fd469e2498337f",
                    "Gateway": "172.18.0.1",
                    "IPAddress": "172.18.0.3",
                    "IPPrefixLen": 16,
                    "IPv6Gateway": "",
                    "GlobalIPv6Address": "",
                    "GlobalIPv6PrefixLen": 0,
                    "MacAddress": "02:42:ac:12:00:03",
                    "DriverOpts": null
                }
            }
        }
    }
]
