[
    {
        "Id": "81091cb39256da67a9f12b265b01ef8ced7d18afc5d8f94a6df70e76b912d373",
        "Created": "2023-10-11T07:19:33.678624065Z",
        "Path": "dotnet",
        "Args": [
            "Azure.Iot.Edge.Modules.SecureAccess.dll"
        ],
        "State": {
            "Status": "exited",
            "Running": false,
            "Paused": false,
            "Restarting": false,
            "OOMKilled": false,
            "Dead": false,
            "Pid": 0,
            "ExitCode": 1,
            "Error": "",
            "StartedAt": "2023-10-11T08:41:16.947908604Z",
            "FinishedAt": "2023-10-11T08:41:16.947090304Z"
        },
        "Image": "sha256:3ee7c8ac348cddecafc8b74d7ba0bf1e99d0a04f75125fdadc6260a7863055cc",
        "ResolvConfPath": "/var/lib/docker/containers/81091cb39256da67a9f12b265b01ef8ced7d18afc5d8f94a6df70e76b912d373/resolv.conf",
        "HostnamePath": "/var/lib/docker/containers/81091cb39256da67a9f12b265b01ef8ced7d18afc5d8f94a6df70e76b912d373/hostname",
        "HostsPath": "/var/lib/docker/containers/81091cb39256da67a9f12b265b01ef8ced7d18afc5d8f94a6df70e76b912d373/hosts",
        "LogPath": "/var/lib/docker/containers/81091cb39256da67a9f12b265b01ef8ced7d18afc5d8f94a6df70e76b912d373/81091cb39256da67a9f12b265b01ef8ced7d18afc5d8f94a6df70e76b912d373-json.log",
        "Name": "/remotediagnosis",
        "RestartCount": 0,
        "Driver": "overlay2",
        "Platform": "linux",
        "MountLabel": "",
        "ProcessLabel": "",
        "AppArmorProfile": "docker-default",
        "ExecIDs": null,
        "HostConfig": {
            "Binds": [
                "/var/run/iotedge/workload.sock:/var/run/iotedge/workload.sock"
            ],
            "ContainerIDFile": "",
            "LogConfig": {
                "Type": "json-file",
                "Config": {}
            },
            "NetworkMode": "default",
            "PortBindings": null,
            "RestartPolicy": {
                "Name": "",
                "MaximumRetryCount": 0
            },
            "AutoRemove": false,
            "VolumeDriver": "",
            "VolumesFrom": null,
            "ConsoleSize": [
                0,
                0
            ],
            "CapAdd": null,
            "CapDrop": null,
            "CgroupnsMode": "host",
            "Dns": null,
            "DnsOptions": null,
            "DnsSearch": null,
            "ExtraHosts": null,
            "GroupAdd": null,
            "IpcMode": "private",
            "Cgroup": "",
            "Links": null,
            "OomScoreAdj": 0,
            "PidMode": "",
            "Privileged": false,
            "PublishAllPorts": false,
            "ReadonlyRootfs": false,
            "SecurityOpt": null,
            "UTSMode": "",
            "UsernsMode": "",
            "ShmSize": 67108864,
            "Runtime": "runc",
            "Isolation": "",
            "CpuShares": 0,
            "Memory": 0,
            "NanoCpus": 0,
            "CgroupParent": "",
            "BlkioWeight": 0,
            "BlkioWeightDevice": null,
            "BlkioDeviceReadBps": null,
            "BlkioDeviceWriteBps": null,
            "BlkioDeviceReadIOps": null,
            "BlkioDeviceWriteIOps": null,
            "CpuPeriod": 0,
            "CpuQuota": 0,
            "CpuRealtimePeriod": 0,
            "CpuRealtimeRuntime": 0,
            "CpusetCpus": "",
            "CpusetMems": "",
            "Devices": null,
            "DeviceCgroupRules": null,
            "DeviceRequests": null,
            "MemoryReservation": 0,
            "MemorySwap": 0,
            "MemorySwappiness": null,
            "OomKillDisable": false,
            "PidsLimit": null,
            "Ulimits": null,
            "CpuCount": 0,
            "CpuPercent": 0,
            "IOMaximumIOps": 0,
            "IOMaximumBandwidth": 0,
            "MaskedPaths": [
                "/proc/asound",
                "/proc/acpi",
                "/proc/kcore",
                "/proc/keys",
                "/proc/latency_stats",
                "/proc/timer_list",
                "/proc/timer_stats",
                "/proc/sched_debug",
                "/proc/scsi",
                "/sys/firmware"
            ],
            "ReadonlyPaths": [
                "/proc/bus",
                "/proc/fs",
                "/proc/irq",
                "/proc/sys",
                "/proc/sysrq-trigger"
            ]
        },
        "GraphDriver": {
            "Data": {
                "LowerDir": "/var/lib/docker/overlay2/7fed41b40e788953a19d73dfa90f3c6d2256add63b5829dbd6333a4a4f6a6477-init/diff:/var/lib/docker/overlay2/b746b162bec591434723b0fdba68c93c6dd52bcdd77bf860e9d93934f07ae476/diff:/var/lib/docker/overlay2/1dd381221d27eba2a8a71baa324bf2d8020dcac6395ffaf65bfac332d3399343/diff:/var/lib/docker/overlay2/d7d4bb1f725d90cc5d27326fab809b5b5c0dc304b871e62b9fee5be45b0a2c08/diff:/var/lib/docker/overlay2/64168bf368600be6443b04af991db3984ef918dbce35434d1105e292bc18bbb1/diff:/var/lib/docker/overlay2/d7f2efa6c1a9125b8a5c0599c57d06e6eb1c11f3b97e88b0e3d68cbf10ce0120/diff:/var/lib/docker/overlay2/eaf08412f4e614fb87dd7582ad5e629f73d45d41a47880b0ea43b53fa854f1e7/diff:/var/lib/docker/overlay2/209b964cd324dd3fa46a4289414a0e1cc051fd50123ad8cde197b7078895b1d9/diff",
                "MergedDir": "/var/lib/docker/overlay2/7fed41b40e788953a19d73dfa90f3c6d2256add63b5829dbd6333a4a4f6a6477/merged",
                "UpperDir": "/var/lib/docker/overlay2/7fed41b40e788953a19d73dfa90f3c6d2256add63b5829dbd6333a4a4f6a6477/diff",
                "WorkDir": "/var/lib/docker/overlay2/7fed41b40e788953a19d73dfa90f3c6d2256add63b5829dbd6333a4a4f6a6477/work"
            },
            "Name": "overlay2"
        },
        "Mounts": [
            {
                "Type": "bind",
                "Source": "/var/run/iotedge/workload.sock",
                "Destination": "/var/run/iotedge/workload.sock",
                "Mode": "",
                "RW": true,
                "Propagation": "rprivate"
            }
        ],
        "Config": {
            "Hostname": "81091cb39256",
            "Domainname": "",
            "User": "moduleuser",
            "AttachStdin": false,
            "AttachStdout": false,
            "AttachStderr": false,
            "Tty": false,
            "OpenStdin": false,
            "StdinOnce": false,
            "Env": [
                "IOTEDGE_APIVERSION=2019-01-30",
                "IOTEDGE_AUTHSCHEME=sasToken",
                "IOTEDGE_DEVICEID=edgedevice89",
                "IOTEDGE_GATEWAYHOSTNAME=edgedevicetest7",
                "IOTEDGE_IOTHUBHOSTNAME=vanderlende-hub-dev-001.azure-devices.net",
                "IOTEDGE_MODULEGENERATIONID=638326045351456374",
                "IOTEDGE_MODULEID=remotediagnosis",
                "IOTEDGE_WORKLOADURI=unix:///var/run/iotedge/workload.sock",
                "RuntimeLogLevel=Information",
                "sshDeviceConnectionString=HostName=spsedgehub.azure-devices.net;DeviceId=myIoTDevice;SharedAccessKey=pbhVvg0/HSMrIRBvsDaY1u3MA5VklDjTHYSL3GttW0A=",
                "sshTargetHost=23.100.81.166",
                "sshTargetPort=22",
                "PATH=/usr/local/sbin:/usr/local/bin:/usr/sbin:/usr/bin:/sbin:/bin",
                "ASPNETCORE_URLS=http://+:80",
                "DOTNET_RUNNING_IN_CONTAINER=true",
                "DOTNET_VERSION=2.2.8"
            ],
            "Cmd": null,
            "Image": "edgemanagementimagecontainer.azurecr.io/remotedignostics:1.0",
            "Volumes": null,
            "WorkingDir": "/app",
            "Entrypoint": [
                "dotnet",
                "Azure.Iot.Edge.Modules.SecureAccess.dll"
            ],
            "OnBuild": null,
            "Labels": {
                "net.azure-devices.edge.original-image": "edgemanagementimagecontainer.azurecr.io/remotedignostics:1.0",
                "net.azure-devices.edge.owner": "Microsoft.Azure.Devices.Edge.Agent"
            }
        },
        "NetworkSettings": {
            "Bridge": "",
            "SandboxID": "2394bbef61c8df68a53382886c89a341fc4813468def0a4baaf9f2da47ba7a3e",
            "HairpinMode": false,
            "LinkLocalIPv6Address": "",
            "LinkLocalIPv6PrefixLen": 0,
            "Ports": {},
            "SandboxKey": "/var/run/docker/netns/2394bbef61c8",
            "SecondaryIPAddresses": null,
            "SecondaryIPv6Addresses": null,
            "EndpointID": "",
            "Gateway": "",
            "GlobalIPv6Address": "",
            "GlobalIPv6PrefixLen": 0,
            "IPAddress": "",
            "IPPrefixLen": 0,
            "IPv6Gateway": "",
            "MacAddress": "",
            "Networks": {
                "azure-iot-edge": {
                    "IPAMConfig": null,
                    "Links": null,
                    "Aliases": [
                        "81091cb39256"
                    ],
                    "NetworkID": "0d9a3236f35e0511254401a85122b7cacf06972c3c8e8f75fafe80e0a5e62c6b",
                    "EndpointID": "",
                    "Gateway": "",
                    "IPAddress": "",
                    "IPPrefixLen": 0,
                    "IPv6Gateway": "",
                    "GlobalIPv6Address": "",
                    "GlobalIPv6PrefixLen": 0,
                    "MacAddress": "",
                    "DriverOpts": null
                }
            }
        }
    }
]
