[
    {
        "Id": "35d29b6527d20363d4d45aac3a0018d2925d535651e1e4df0f3caddf16c47f14",
        "Created": "2023-10-11T09:02:08.618893547Z",
        "Path": "python",
        "Args": [
            "app.py"
        ],
        "State": {
            "Status": "exited",
            "Running": false,
            "Paused": false,
            "Restarting": false,
            "OOMKilled": false,
            "Dead": false,
            "Pid": 0,
            "ExitCode": 0,
            "Error": "",
            "StartedAt": "2023-10-11T10:26:37.381502631Z",
            "FinishedAt": "2023-10-11T10:26:37.878741721Z"
        },
        "Image": "sha256:e93b2c118b8eb2020076314f37b2ec390b22ed69d4d9ac282c492c51e218cac6",
        "ResolvConfPath": "/var/lib/docker/containers/35d29b6527d20363d4d45aac3a0018d2925d535651e1e4df0f3caddf16c47f14/resolv.conf",
        "HostnamePath": "/var/lib/docker/containers/35d29b6527d20363d4d45aac3a0018d2925d535651e1e4df0f3caddf16c47f14/hostname",
        "HostsPath": "/var/lib/docker/containers/35d29b6527d20363d4d45aac3a0018d2925d535651e1e4df0f3caddf16c47f14/hosts",
        "LogPath": "/var/lib/docker/containers/35d29b6527d20363d4d45aac3a0018d2925d535651e1e4df0f3caddf16c47f14/35d29b6527d20363d4d45aac3a0018d2925d535651e1e4df0f3caddf16c47f14-json.log",
        "Name": "/twintests",
        "RestartCount": 0,
        "Driver": "overlay2",
        "Platform": "linux",
        "MountLabel": "",
        "ProcessLabel": "",
        "AppArmorProfile": "docker-default",
        "ExecIDs": null,
        "HostConfig": {
            "Binds": [
                "/var/run/iotedge/workload.sock:/var/run/iotedge/workload.sock"
            ],
            "ContainerIDFile": "",
            "LogConfig": {
                "Type": "json-file",
                "Config": {}
            },
            "NetworkMode": "default",
            "PortBindings": null,
            "RestartPolicy": {
                "Name": "",
                "MaximumRetryCount": 0
            },
            "AutoRemove": false,
            "VolumeDriver": "",
            "VolumesFrom": null,
            "ConsoleSize": [
                0,
                0
            ],
            "CapAdd": null,
            "CapDrop": null,
            "CgroupnsMode": "host",
            "Dns": null,
            "DnsOptions": null,
            "DnsSearch": null,
            "ExtraHosts": null,
            "GroupAdd": null,
            "IpcMode": "private",
            "Cgroup": "",
            "Links": null,
            "OomScoreAdj": 0,
            "PidMode": "",
            "Privileged": false,
            "PublishAllPorts": false,
            "ReadonlyRootfs": false,
            "SecurityOpt": null,
            "UTSMode": "",
            "UsernsMode": "",
            "ShmSize": 67108864,
            "Runtime": "runc",
            "Isolation": "",
            "CpuShares": 0,
            "Memory": 0,
            "NanoCpus": 0,
            "CgroupParent": "",
            "BlkioWeight": 0,
            "BlkioWeightDevice": null,
            "BlkioDeviceReadBps": null,
            "BlkioDeviceWriteBps": null,
            "BlkioDeviceReadIOps": null,
            "BlkioDeviceWriteIOps": null,
            "CpuPeriod": 0,
            "CpuQuota": 0,
            "CpuRealtimePeriod": 0,
            "CpuRealtimeRuntime": 0,
            "CpusetCpus": "",
            "CpusetMems": "",
            "Devices": null,
            "DeviceCgroupRules": null,
            "DeviceRequests": null,
            "MemoryReservation": 0,
            "MemorySwap": 0,
            "MemorySwappiness": null,
            "OomKillDisable": false,
            "PidsLimit": null,
            "Ulimits": null,
            "CpuCount": 0,
            "CpuPercent": 0,
            "IOMaximumIOps": 0,
            "IOMaximumBandwidth": 0,
            "MaskedPaths": [
                "/proc/asound",
                "/proc/acpi",
                "/proc/kcore",
                "/proc/keys",
                "/proc/latency_stats",
                "/proc/timer_list",
                "/proc/timer_stats",
                "/proc/sched_debug",
                "/proc/scsi",
                "/sys/firmware"
            ],
            "ReadonlyPaths": [
                "/proc/bus",
                "/proc/fs",
                "/proc/irq",
                "/proc/sys",
                "/proc/sysrq-trigger"
            ]
        },
        "GraphDriver": {
            "Data": {
                "LowerDir": "/var/lib/docker/overlay2/2144f4edc93dee0eac5ea6cdeedaf832d8e8f531a70f8998bb7d0836aa60f77f-init/diff:/var/lib/docker/overlay2/7acc993dcf30a733dd6443b59ea4cbbb03de75c3085003399519d24b58b813c8/diff:/var/lib/docker/overlay2/ea5cdb1513c5e6b0c4593e24ef3c1caedb608fd00ee9bf9bf10756e1edbc08d2/diff:/var/lib/docker/overlay2/8f85566ee9acd62dee3c6fed158806ab74cf6dbe45b1e36006c7d4f3a9cbf3f2/diff:/var/lib/docker/overlay2/fc144aa857a27ba3be9894e3ca441951f653f245713232613eeacf9ac5242895/diff:/var/lib/docker/overlay2/ae8ed6c16bae23dc4c2f39de69e893c45df7ef8050a39a2c110a159a41bdc031/diff:/var/lib/docker/overlay2/99e2810de19c42c907147b33855511c2e948e14d223ec89a1abfaf8ad8b58be7/diff:/var/lib/docker/overlay2/8024fa7baaa7a39df3b5ab2ca35783f3ea248f83808471fca8223d0a1eeb5dd6/diff:/var/lib/docker/overlay2/b6c61fce9ff3134af36f9943298e6a557f21db744d7fcdf6537aa90fc7d5899a/diff:/var/lib/docker/overlay2/0ddcbf6106f157164c3a969df71f933b4928c7617bdf5012ef1c0a82603c7451/diff",
                "MergedDir": "/var/lib/docker/overlay2/2144f4edc93dee0eac5ea6cdeedaf832d8e8f531a70f8998bb7d0836aa60f77f/merged",
                "UpperDir": "/var/lib/docker/overlay2/2144f4edc93dee0eac5ea6cdeedaf832d8e8f531a70f8998bb7d0836aa60f77f/diff",
                "WorkDir": "/var/lib/docker/overlay2/2144f4edc93dee0eac5ea6cdeedaf832d8e8f531a70f8998bb7d0836aa60f77f/work"
            },
            "Name": "overlay2"
        },
        "Mounts": [
            {
                "Type": "bind",
                "Source": "/var/run/iotedge/workload.sock",
                "Destination": "/var/run/iotedge/workload.sock",
                "Mode": "",
                "RW": true,
                "Propagation": "rprivate"
            }
        ],
        "Config": {
            "Hostname": "35d29b6527d2",
            "Domainname": "",
            "User": "",
            "AttachStdin": false,
            "AttachStdout": false,
            "AttachStderr": false,
            "Tty": false,
            "OpenStdin": false,
            "StdinOnce": false,
            "Env": [
                "IOTEDGE_APIVERSION=2019-01-30",
                "IOTEDGE_AUTHSCHEME=sasToken",
                "IOTEDGE_DEVICEID=edgedevice89",
                "IOTEDGE_GATEWAYHOSTNAME=edgedevicetest7",
                "IOTEDGE_IOTHUBHOSTNAME=vanderlende-hub-dev-001.azure-devices.net",
                "IOTEDGE_MODULEGENERATIONID=638326117019218272",
                "IOTEDGE_MODULEID=twintests",
                "IOTEDGE_WORKLOADURI=unix:///var/run/iotedge/workload.sock",
                "RuntimeLogLevel=Information",
                "PATH=/usr/local/bin:/usr/local/sbin:/usr/local/bin:/usr/sbin:/usr/bin:/sbin:/bin",
                "LANG=C.UTF-8",
                "GPG_KEY=E3FF2839C048B25C084DEBE9B26995E310250568",
                "PYTHON_VERSION=3.9.17",
                "PYTHON_PIP_VERSION=23.0.1",
                "PYTHON_SETUPTOOLS_VERSION=58.1.0",
                "PYTHON_GET_PIP_URL=https://github.com/pypa/get-pip/raw/0d8570dc44796f4369b652222cf176b3db6ac70e/public/get-pip.py",
                "PYTHON_GET_PIP_SHA256=96461deced5c2a487ddc65207ec5a9cffeca0d34e7af7ea1afc470ff0d746207"
            ],
            "Cmd": [
                "python",
                "app.py"
            ],
            "Image": "edgemanagementimagecontainerv2.azurecr.io/twintests:latest",
            "Volumes": null,
            "WorkingDir": "/app",
            "Entrypoint": null,
            "OnBuild": null,
            "Labels": {
                "net.azure-devices.edge.original-image": "edgemanagementimagecontainerv2.azurecr.io/twintests:latest",
                "net.azure-devices.edge.owner": "Microsoft.Azure.Devices.Edge.Agent"
            }
        },
        "NetworkSettings": {
            "Bridge": "",
            "SandboxID": "f06420e789558ac73aa2897265d738cefd5c7aaf35483d4153576282611d942c",
            "HairpinMode": false,
            "LinkLocalIPv6Address": "",
            "LinkLocalIPv6PrefixLen": 0,
            "Ports": {},
            "SandboxKey": "/var/run/docker/netns/f06420e78955",
            "SecondaryIPAddresses": null,
            "SecondaryIPv6Addresses": null,
            "EndpointID": "",
            "Gateway": "",
            "GlobalIPv6Address": "",
            "GlobalIPv6PrefixLen": 0,
            "IPAddress": "",
            "IPPrefixLen": 0,
            "IPv6Gateway": "",
            "MacAddress": "",
            "Networks": {
                "azure-iot-edge": {
                    "IPAMConfig": null,
                    "Links": null,
                    "Aliases": [
                        "35d29b6527d2"
                    ],
                    "NetworkID": "0d9a3236f35e0511254401a85122b7cacf06972c3c8e8f75fafe80e0a5e62c6b",
                    "EndpointID": "",
                    "Gateway": "",
                    "IPAddress": "",
                    "IPPrefixLen": 0,
                    "IPv6Gateway": "",
                    "GlobalIPv6Address": "",
                    "GlobalIPv6PrefixLen": 0,
                    "MacAddress": "",
                    "DriverOpts": null
                }
            }
        }
    }
]
