[
    {
        "Name": "azure-iot-edge",
        "Id": "0d9a3236f35e0511254401a85122b7cacf06972c3c8e8f75fafe80e0a5e62c6b",
        "Created": "2023-09-21T07:00:05.534483435Z",
        "Scope": "local",
        "Driver": "bridge",
        "EnableIPv6": false,
        "IPAM": {
            "Driver": "default",
            "Options": null,
            "Config": [
                {
                    "Subnet": "172.18.0.0/16",
                    "Gateway": "172.18.0.1"
                }
            ]
        },
        "Internal": false,
        "Attachable": false,
        "Ingress": false,
        "ConfigFrom": {
            "Network": ""
        },
        "ConfigOnly": false,
        "Containers": {
            "00613637b9441d07d0d1a58446c0f00a18a70b31597f168b07f58b245ae47b73": {
                "Name": "rollingaverage",
                "EndpointID": "fd23e34e1ca9783080fe594f2eafe52cc84d5325d2644ce3797169cc3705ee5f",
                "MacAddress": "02:42:ac:12:00:04",
                "IPv4Address": "172.18.0.4/16",
                "IPv6Address": ""
            },
            "015c81d4c4e69f438166c7c19517cbd1cbd437f9286f0b83e397578bf0872ba3": {
                "Name": "health",
                "EndpointID": "da0eef783ef234c2b82135655ffc14e8bfe92f8673de069c53fd469e2498337f",
                "MacAddress": "02:42:ac:12:00:03",
                "IPv4Address": "172.18.0.3/16",
                "IPv6Address": ""
            },
            "0e4374c41092450de5d1ef5193b0cf376353ab4de40c0f3beaaf53361f41c324": {
                "Name": "opcua",
                "EndpointID": "b7c572944b660b74e00bb1edd613054d18b5f0626da1405e78669df9f0867f68",
                "MacAddress": "02:42:ac:12:00:07",
                "IPv4Address": "172.18.0.7/16",
                "IPv6Address": ""
            },
            "1678d4020be0eeb93209ccb766a593a21d5cf72374ea6d6959f664e3e8e3d64b": {
                "Name": "modbustcp",
                "EndpointID": "50b71f53e3306addd3e55c96ffa6dc2a899c9c6be5c7315b94a5070137b1d3de",
                "MacAddress": "02:42:ac:12:00:05",
                "IPv4Address": "172.18.0.5/16",
                "IPv6Address": ""
            },
            "44fb49e207f863a04cc7003ab8265db5cc4d2475ab3ac355ccb10198b8141fd6": {
                "Name": "rulesengine",
                "EndpointID": "7da0972f9c2a942a3ae6ac3de14f1c0ac6fe5abb7e4bc9f0a127848f6183c286",
                "MacAddress": "02:42:ac:12:00:08",
                "IPv4Address": "172.18.0.8/16",
                "IPv6Address": ""
            },
            "ae6bb967b5b59349ee0c4e793b24c942dc8c2b9eadb8fbe9f337d9fce3544472": {
                "Name": "edgeHub",
                "EndpointID": "7b2737b40fded450fdbd96625cb529895a103bdb6c8c346f8b13e8cc90c812b5",
                "MacAddress": "02:42:ac:12:00:06",
                "IPv4Address": "172.18.0.6/16",
                "IPv6Address": ""
            },
            "e1a8c50f06253ccb2374f6b92bea2ebb7e22faf4a34d38d5881a0db6d29be721": {
                "Name": "edgeAgent",
                "EndpointID": "a1f1b6080c3bcfa92214c8119d7efc364ca159f234dc8dfe7e3a40298131a788",
                "MacAddress": "02:42:ac:12:00:02",
                "IPv4Address": "172.18.0.2/16",
                "IPv6Address": ""
            }
        },
        "Options": {},
        "Labels": {}
    }
]
