[
    {
        "Name": "host",
        "Id": "523b129fd9eca33c625d55234bc9bf2825e8595712e14be3ba5003101bef2d30",
        "Created": "2023-09-21T06:40:56.736791091Z",
        "Scope": "local",
        "Driver": "host",
        "EnableIPv6": false,
        "IPAM": {
            "Driver": "default",
            "Options": null,
            "Config": []
        },
        "Internal": false,
        "Attachable": false,
        "Ingress": false,
        "ConfigFrom": {
            "Network": ""
        },
        "ConfigOnly": false,
        "Containers": {
            "ef29847e2ce112ce6a1636017855ff05f67fbbeaf9c17791747fdb3ebd13d4eb": {
                "Name": "azureiotsecurity",
                "EndpointID": "606c6be7bd909e97b59656b7826a90685e024c3ca6ff46077a41a03436d68835",
                "MacAddress": "",
                "IPv4Address": "",
                "IPv6Address": ""
            }
        },
        "Options": {},
        "Labels": {}
    }
]
